Time_hr,Choke_pct,OilRate_bbl_hr,WHP_psi,FLP_psi,BHP_psi
0,0,0.3044448454411997,344.3202503793651,238.7505224419164,3476.1563926116073
1,0,0.4373533725534242,345.0267308964022,239.0408019041029,3475.396750565034
2,0,0.07587556488095552,345.3144279336541,239.5952802443866,3476.1224593024776
3,0,-0.2831421955790438,345.6445722033496,239.20332056684336,3476.6298213232676
4,0,-0.8124428540724703,344.91141918811945,239.91680128094544,3477.484645734677
5,0,-0.12560078998929397,345.385984110835,239.29410561754713,3478.0878838242525
6,0,-1.2766338109199489,345.1113449336166,237.6233300691274,3477.642644348084
7,0,0.7862290528641654,345.09556628848276,239.3360680791733,3477.7353978073506
8,0,0.6001365386057079,344.08356222232925,239.0867618250553,3477.837944612461
9,0,-0.19165532687345524,344.8195030852658,238.81003818887172,3477.727102109696
10,0,0.11892771497521964,345.73090952261794,239.31006972050636,3477.6003742939106
11,0,0.06455382674584323,345.68043763370997,238.98905671184644,3478.186045881189
12,0,0.38726243570845503,344.8417289142107,239.18514558664026,3478.407555699523
13,0,0.2549170751437145,344.17425024388035,239.38209241894796,3478.344656052428
14,0,-0.044049844831977186,345.6490436823978,239.53413625096073,3479.82697951689
15,0,0.25590523285280364,344.17265349127797,238.95589952535087,3479.037523419449
16,0,0.048936475970047806,345.77935935234746,238.3361162901963,3479.1991311692877
17,0,0.0646206460670686,345.2571329060703,239.1643880917478,3478.986387095089
18,0,-0.7175295039581836,346.05221862563815,238.77448304138323,3479.739742260484
19,0,-0.10668006236556352,345.06708727784786,240.19593727894087,3479.2622622120293
0,5,19.251703688098655,330.11375037933783,228.9424233755411,3405.278376531191
1,5,20.740372084328428,329.5090637422119,228.7042007366697,3405.57538932584
2,5,19.524015007393498,328.86411753463267,228.12960020492974,3404.7953803938726
3,5,19.616786750580093,329.20991263419927,228.60120161807922,3404.7605324762685
4,5,19.244670530325784,329.41692629014716,227.87931526040114,3405.119849277942
5,5,20.566472400133463,329.931771558188,229.43985710604943,3404.6947335269583
6,5,19.42090359076022,329.62076785815793,228.7662890473986,3406.3297221949842
7,5,19.684764508869534,329.66957220470294,229.3096680046601,3405.196746036658
8,5,19.65905065889413,328.79579598241304,229.0128184814016,3406.8787861958126
9,5,19.44664578801746,328.58409060412663,228.1080882440528,3406.3504404649925
10,5,19.17177829849309,330.1833325100248,228.64736398821242,3407.4403973951353
11,5,19.481046030613673,328.82688362750025,229.908631016954,3406.507442123972
12,5,20.2349263899905,330.12161104476115,228.71945013218465,3407.135417059828
13,5,19.980459427684547,330.0762405514047,228.66283288567027,3406.3741352679554
14,5,20.07056592761478,329.67863011915676,227.8636760529925,3407.567411392352
15,5,18.799356094036092,329.20493161630674,228.5000580799296,3407.0076294703763
16,5,19.472339510532674,328.9164873561341,229.30915561036986,3407.5356373220798
17,5,19.809729213674437,330.02079914008704,229.42698024700982,3407.4623335423576
18,5,19.586897370132203,329.1008086944062,229.0008123526365,3407.310419638797
19,5,18.61992841940226,329.6100921115278,228.28148093204044,3408.294310088087
0,10,37.25924983055858,315.46455208080386,219.4582092547247,3340.4387130741034
1,10,36.61017006026019,315.8839838237414,219.65872629978065,3341.0962927914593
2,10,36.7567730056238,315.49667272746,218.87626666506213,3340.560720959903
3,10,37.83464492787613,316.1586318663538,219.77847973353,3340.1373724884393
4,10,37.36167907484569,314.6293549205491,219.70236960855954,3341.947559439245
5,10,37.01450778396109,314.26387187330226,219.20305298674242,3340.8249578626564
6,10,37.0261522143801,314.92585748703897,220.1040132594818,3340.3545846405036
7,10,36.72960304525398,314.9422955394889,218.9993387647267,3341.55811223593
8,10,37.259432505867416,316.07581748019857,219.33916462277375,3340.7817476935006
9,10,36.98965444730028,314.9399448859318,219.82501950144308,3341.7294402986913
10,10,37.69936981473623,314.43803762148127,218.1983834358378,3342.2417983898467
11,10,37.67560542270835,314.8309549355568,219.6013155388668,3341.9408661238713
12,10,38.09568024896437,315.6524732836099,219.4952803437202,3342.265236167411
13,10,37.86899502563128,315.24427797580273,219.46034772055827,3342.3225042858357
14,10,37.32133378521877,316.3573355621771,219.215258262506,3342.750565937875
15,10,36.60697335593713,315.3172522665059,218.51692450001042,3343.2322987420007
16,10,37.564100727455106,315.20429762733454,218.74343946049302,3343.622229972744
17,10,38.00693968766889,314.59815981555573,219.0011191090171,3342.2791788339214
18,10,36.782268358649524,314.9708303139322,219.4677415467883,3342.0820704162993
19,10,37.56491654332819,315.1120718063765,219.33491189835374,3343.4553184117262
0,15,53.352565358990205,302.1426835076322,210.13398701494563,3281.9784597539574
1,15,53.20604134951472,301.8456077829799,211.47982193385923,3282.4977317409553
2,15,52.30895159754343,300.61736248887513,210.79950133425652,3282.996461658477
3,15,52.88896826796133,302.0992072354849,210.39041625364564,3282.4477402566363
4,15,52.49241979437914,302.74568809792817,210.5609526570174,3283.0345352625964
5,15,53.20749756799279,303.4068967628362,210.6607319095203,3282.9712206854015
6,15,53.608096150022206,302.8080145964924,211.41309795448421,3283.044043380555
7,15,52.25771814670553,301.92152737636803,209.47888141588336,3282.354896683575
8,15,54.07199382283156,302.6863451565181,210.51597884735182,3282.9309867088114
9,15,52.530807067570954,301.77751875218047,210.94964863607305,3283.758055519926
10,15,52.93346350254537,302.86350723407156,209.525602140665,3283.9054326179685
11,15,53.94924390153709,302.572801189814,210.41022896850805,3283.274327061698
12,15,52.35792571191128,301.7686650483513,209.8793187262905,3283.691597529873
13,15,52.79433518589016,302.44015309704264,211.08956237855242,3283.74887296036
14,15,52.571064877032654,301.776285995536,210.8649779889411,3283.185254872311
15,15,53.23247895715193,302.55357248327937,210.75477678889914,3283.82761907936
16,15,52.891811713176736,302.554216652434,210.56169769832275,3283.762774622414
17,15,54.15634245331394,301.772381733759,210.65713279910725,3284.17888386908
18,15,52.77641727179637,302.38618892728107,210.86787554422324,3284.1525351798346
19,15,53.3478348470766,303.2274400543166,211.2013491982672,3284.378277450005
0,20,68.35992340046323,290.5546277454565,203.55738502883239,3228.890217559474
1,20,67.59073357201245,290.4010301072102,204.15313608638078,3230.363100919853
2,20,66.6923064682031,290.2536341372324,203.58263124756158,3229.0596765492837
3,20,66.39238391544637,290.4149321128956,203.3239989419108,3229.7136525563137
4,20,67.40184649653274,291.13903415192937,203.12345042369105,3229.398011292585
5,20,67.33427429400545,290.28004860510634,203.41032530930764,3229.9963421845105
6,20,66.72928554287729,290.7513018096159,202.3411835190725,3229.663024011548
7,20,68.24174716202683,289.65658380698414,202.61313521551972,3229.7069677979835
8,20,66.93235379660096,291.0820631462727,202.70094788217847,3230.0022574147074
9,20,67.45017118758108,290.9235504822794,203.18450125480044,3230.6108177283327
10,20,67.0111122292965,290.32666917514035,203.4319501323012,3230.3807098551733
11,20,67.86708499834313,290.5836723768419,202.59551210470892,3230.255341411776
12,20,67.44171918075438,290.697542845312,202.61828893562821,3229.7203599646073
13,20,67.41119172423025,290.97262341542444,203.60636887623863,3229.8268809324272
14,20,67.82377948452637,290.6870029538887,202.05918605893038,3229.98206434226
15,20,67.9646985151401,290.9459548456702,202.4891170741465,3230.2451216106456
16,20,67.03861134291638,289.8262725389202,202.69944065394114,3230.67730393212
17,20,67.09219130640086,290.36854453976173,202.1926155513402,3230.2443143351547
18,20,66.48063251721514,290.48445884385455,204.00638481453953,3230.37889642293
19,20,67.28530779613544,291.04958780556774,202.6240181896817,3231.08516939884
0,25,81.56247133155902,280.11722976453717,195.23875037504993,3181.2263709912845
1,25,81.20228392095255,280.192708414998,195.91701516321677,3181.75957716182
2,25,80.57597364334696,279.72994624241176,196.33617551733454,3180.8370763543535
3,25,80.1958330479966,280.8989833930207,196.2064966570131,3180.4391573509693
4,25,81.20029664290409,279.78578786725296,195.758208175184,3181.014129610211
5,25,80.95701653365789,280.2338508965016,195.77459311560094,3181.331570625867
6,25,81.19746520393682,280.1055800868046,195.4874633129767,3180.761311233129
7,25,80.6898032979402,279.2643930574425,195.03289196268045,3181.4175632081915
8,25,81.39122662362091,279.8846110702481,195.39205442742195,3179.835659117387
9,25,80.87595201394721,279.79236439747484,195.06805156669802,3182.022876053677
10,25,81.26993629175038,279.86845842361384,196.52727424538026,3181.0589348100016
11,25,81.13595762462494,279.7285475131391,195.92386304193548,3182.6701712458625
12,25,81.25129662972523,279.0517216495357,195.6728590663485,3181.829288590388
13,25,80.09674890552058,279.2329224476576,195.386379054601,3181.242103595778
14,25,81.38740235803064,280.1220039696867,195.97120392994552,3181.6161749352386
15,25,81.47908308864942,279.0446047445101,195.88287210286893,3181.6203168252077
16,25,80.72046288296795,279.4539626588225,196.4628279512429,3181.436513314952
17,25,81.44376185520993,280.3293804188365,195.50810138076082,3181.4297362649195
18,25,80.66569977262151,279.658324967145,195.60136389510131,3180.8324177754025
19,25,79.73187696587229,278.96696345806,195.6914470754732,3181.849496512657
0,30,94.01018726653089,269.68728139354585,188.70905144584546,3136.691781161182
1,30,92.84231363105657,270.01169971328164,188.90318364040294,3136.832174323318
2,30,93.53856974165782,270.25852151972015,189.71844381600602,3136.823054748655
3,30,93.02183565623031,268.9730517327105,188.92328235170456,3136.6516180770655
4,30,93.48165858983931,269.0025087418708,190.20660253467867,3136.555253603753
5,30,93.61848819003544,269.4831543943845,189.96122300635227,3136.0807644675615
6,30,94.07683867502621,269.600533257616,190.02994678905364,3136.4368823914956
7,30,93.36601998948903,270.3930793790344,189.6453231745991,3136.632224909648
8,30,92.77904242923061,270.23934831240564,189.62190482831588,3136.066150913391
9,30,92.98679234667419,269.2305526274628,189.3761000932987,3136.264387327631
10,30,92.53879691925583,269.26735245058916,189.7554015956882,3136.1350102931406
11,30,93.21462269893958,268.71904019507474,189.60874120596094,3136.217817150535
12,30,93.69012775911456,269.49742635421154,189.89815705163414,3136.4279383410767
13,30,92.68083211322026,270.3010840436956,189.6657151595013,3136.229822816103
14,30,93.23232322061719,269.31537206740995,188.9429272330609,3136.534489404085
15,30,93.75161403096435,268.8218694457314,188.48548231239457,3135.5846287544005
16,30,91.99584934833676,270.2766617404807,188.9680321622249,3136.0534376512014
17,30,93.27214269213962,270.1425330228201,189.6062750387916,3137.3453966920465
18,30,92.66405134701914,269.7154065631932,188.9746190356023,3137.0377125425484
19,30,92.92073984108823,269.611132541636,189.40317327662677,3136.555906523286
0,35,104.03493865553254,260.86047590870214,182.60675179368636,3095.4136647344503
1,35,104.74145344346985,261.36473452926805,183.72265832702385,3095.5917844417245
2,35,104.90117894001985,261.4789018846485,183.57371235785283,3095.1453426712474
3,35,104.07679600057446,260.8315813844234,182.9087810847062,3095.763727908809
4,35,105.47235206563236,260.5313368612353,184.40391301855007,3094.9046730546665
5,35,104.38208149274767,260.7826514352397,183.3572981638818,3095.599203719717
6,35,103.8338031575986,260.6596459229818,184.4351024355447,3094.814998336606
7,35,104.67488743397921,260.83965500974256,183.7112047730918,3095.453093087345
8,35,103.72426983408356,260.3717644483278,183.76939820376907,3095.9256415031755
9,35,104.80046077767486,260.7441333207597,183.41040008630077,3095.584277614799
10,35,103.84547321766178,261.22868758137463,182.48273081935022,3095.9828477140277
11,35,104.1309019808878,261.21515508753447,183.60809083109993,3094.474915156181
12,35,104.32873176153002,260.4490641041193,183.42109868727627,3094.526146424853
13,35,104.7769160996977,261.30673795694145,183.1208155095835,3096.5747097256194
14,35,103.69662370691434,260.4657660453887,183.2714075264968,3095.0464838826088
15,35,103.97446156267688,261.35939330716,183.3268639399546,3094.783183016043
16,35,104.07439911932296,259.464983432763,184.1597866558451,3094.619596531108
17,35,104.36089046321602,260.89186906439113,183.03528351386777,3094.7692325231283
18,35,103.71279545221041,259.59387607413805,183.6957686264489,3095.3198861788824
19,35,103.92502702916161,260.8517944863818,183.08285383491946,3094.8274606227947
0,40,114.5924537245239,252.82655588681658,177.06999138426238,3058.424144905001
1,40,114.26380507605506,252.17818218241467,177.38782734271837,3057.553423047966
2,40,114.23997689784979,252.74991371823532,177.7869099612986,3058.957553090556
3,40,114.97093211122575,252.58336045107384,178.27889043849007,3057.0496168015484
4,40,114.3282058049729,252.18614326560126,176.4008124768255,3057.55596962686
5,40,114.18784475081846,253.06657334787198,176.94321681560817,3057.297197184552
6,40,113.25351624940859,251.07216918471795,178.04995883599923,3057.58333673003
7,40,114.25518624532204,252.68135381836575,177.84353404466088,3058.1949022726812
8,40,114.30878158754514,252.2670330363979,177.96515908966282,3057.1564103840574
9,40,115.8918429345881,252.93657707766954,177.56803219523553,3057.943670565726
10,40,114.5103912865658,251.60304835581582,178.06971516433237,3057.336198131921
11,40,114.63947228266571,252.66478855560965,176.87512728039604,3056.688246187924
12,40,114.70101067908784,252.68387272524242,177.87437505940574,3057.293694978533
13,40,114.77875421991753,251.79185357823357,177.48618440213485,3056.699852597399
14,40,114.90488546127314,252.85983047223533,177.27462488607668,3056.6284554169974
15,40,114.64260212914574,253.04106673245911,177.90822045173505,3056.529287925289
16,40,114.75867461604592,251.76649428199048,178.3096683730021,3057.4422262907374
17,40,115.13024010029785,252.06868529088177,177.6404489039836,3056.3970208598284
18,40,115.5337361569713,252.24285934877915,177.81922132496095,3057.0517088925812
19,40,114.42036329427715,252.61812460490796,177.96764753825644,3056.5338952168177
0,45,124.75677053267314,244.85347674091366,171.86982434343057,3022.857143932875
1,45,124.73686130340921,244.6380404759805,171.45811747479738,3022.778706323235
2,45,124.51917788668747,244.97281334416857,171.33452326099186,3021.907338365846
3,45,124.39698019036118,244.1209466100471,173.75794459183018,3021.4971149104053
4,45,124.61107781127883,245.1973328742365,173.38997903563418,3022.451506764791
5,45,124.61668447240912,244.25355976995874,172.3511863526943,3020.914065810937
6,45,123.8086027370046,244.4098435593022,172.42106970153947,3022.3982169289347
7,45,124.59334742451423,244.0472930194731,173.00330097799724,3022.0352959498027
8,45,123.3764875902644,243.51752668433102,172.2800219031572,3022.3402428950358
9,45,124.44144276697774,244.85132297137486,172.05158095922604,3021.725652497391
10,45,123.92967392838788,244.66864229134694,172.74219622122675,3020.8900841295927
11,45,123.41394351793733,243.4511187311414,172.5086421540652,3022.088849250355
12,45,124.40577791736533,244.6281920191381,172.5249175993364,3021.1440772078354
13,45,124.79400718617953,244.84376559059532,173.14943257997675,3022.3594192667933
14,45,124.41162132429686,244.0424473969143,172.50607887395049,3021.4500362897566
15,45,123.88220144716722,243.84957083880528,172.7375118327695,3021.308333805095
16,45,124.36635440880882,244.11571019353167,172.20413909470656,3021.297694820056
17,45,123.97132569859536,244.23422613475097,171.2698116599332,3021.7875021630193
18,45,124.33903468084603,244.73108419108954,172.53820066302762,3020.9086368490807
19,45,124.95915552555734,244.8328673685242,172.74058398048058,3021.1824867004416
0,50,132.57659323915087,236.7009393602125,167.2325978785614,2989.9154439578824
1,50,133.97391619728208,236.94890602363606,167.19465392719002,2989.447147270839
2,50,133.43818599568783,237.70022289428366,167.80736753848424,2988.796415540755
3,50,132.66048130400372,236.8616042322547,167.6335422467214,2989.6324715693345
4,50,133.9692598709761,237.14793294878882,167.86210876457935,2989.8160082400914
5,50,132.65254419217243,237.00329929962717,167.95205516702185,2989.19489289983
6,50,131.82208432339044,236.58184012085,167.54313097960127,2989.022903588864
7,50,132.81976175247263,237.79356999263064,167.50600961608893,2989.7096063560025
8,50,133.0392041760843,236.57652658044233,167.4436076262586,2989.1024658324977
9,50,132.63949785791218,238.7586708427544,166.7307144375871,2988.9720136913484
10,50,134.26366195741082,237.50291186673192,167.3397217802744,2987.6874833295647
11,50,133.2165501748834,238.00378855857014,167.0346594602626,2988.9954407676328
12,50,134.0222203776503,237.7206726838539,168.1531487122489,2988.6020738958537
13,50,133.5762022195376,236.80789162494557,167.87492919149025,2988.453741953948
14,50,132.5120282844478,237.37234688556143,166.4979693113187,2988.32664917234
15,50,132.91430449579934,237.2118100542435,167.2219434204701,2988.8608675450037
16,50,133.2966327185068,237.31298065367378,167.45092645369746,2988.6443198021057
17,50,133.8026166488043,237.2866965678888,167.26649464735993,2988.080575348721
18,50,133.46184734164027,236.44338704852848,167.63103927473233,2988.2039930744277
19,50,133.16773585009898,237.99397816538897,167.58368748728938,2987.9283773670504
0,55,141.90487183134985,229.08833112010146,162.43213195608655,2959.353107529029
1,55,142.30684852969395,230.77072662949806,163.12806778828025,2959.3714149973025
2,55,141.6879858813566,230.63721654331934,162.54917649893702,2958.444091923355
3,55,141.17616730897092,230.6899379913299,162.8028281366009,2958.9687579739475
4,55,141.330330188827,230.11419935475163,163.30340080182214,2958.2924170997985
5,55,141.82777101619757,230.60434212858746,163.5095566678345,2958.826981711254
6,55,141.38791322617212,230.93387341635915,163.14573860980244,2959.2852440119477
7,55,141.5126888838486,230.3487186488407,162.9629727322603,2959.0963484615686
8,55,140.99650547726216,230.61419213199332,164.36336260694875,2959.1565677353024
9,55,141.69611578090476,230.62409416703662,163.77569785779326,2958.498157643044
10,55,142.24019508091538,230.44993528461768,163.71664825743343,2957.7421136010494
11,55,140.90422510253754,230.5949813226346,163.36712047613892,2957.8376971122766
12,55,142.1618232691719,231.14878877709182,163.07999822772976,2957.906781052365
13,55,140.99211728331895,230.25061752637484,162.61579399070743,2957.7400410295363
14,55,141.3154143320667,230.3192446331657,163.75750433015583,2957.6382612134103
15,55,142.11786112818714,231.3102031136814,162.8951021374389,2957.9952920241853
16,55,141.9207548705937,230.19200718264304,162.27602133261797,2958.4841884367515
17,55,142.73458451568678,230.30267590561752,163.89928901640187,2956.341190070896
18,55,142.19636970646138,230.66873776728414,162.51664153580964,2956.890093822773
19,55,141.56382464604835,230.9927410637425,163.62644562001694,2957.4306311742666
0,60,149.74819153980013,223.71592490216187,159.64371346130608,2930.8225340188546
1,60,149.7421447587298,224.26441518093702,159.03796820748124,2931.420199782883
2,60,148.94017904813882,224.274311705137,159.55331529522113,2931.1323476456214
3,60,149.45541196898674,223.76361359322175,158.61065010260452,2930.4646889671276
4,60,149.52573262863714,224.1583782740968,159.51865943636412,2930.103818792565
5,60,148.90781760074648,223.78746461376184,158.53171259968065,2929.731805995346
6,60,149.5308559086069,223.85580297575402,158.6529625356089,2929.857212855556
7,60,148.94895462600317,225.48632783994753,159.22679997149908,2930.5225316632955
8,60,148.95886875765643,224.38389953702577,159.18075437120464,2930.2045820557387
9,60,149.43177903388036,223.27310145128894,158.97432518540688,2929.3651175746854
10,60,149.02239509594477,223.4434370380668,159.60398356413418,2929.6210670950354
11,60,149.5197006458249,223.90817649158404,159.0212722126575,2930.186058499635
12,60,150.35078911719665,224.18338285703646,158.38235644323566,2928.7208069284493
13,60,149.55991952165763,224.50579991310607,159.29701917419987,2929.846819170545
14,60,149.51924938024274,224.5822401838169,158.74818944404925,2929.3671684780784
15,60,149.57230791680348,224.88416550480565,158.85382556526739,2928.338339138262
16,60,149.87608997541167,222.93491840934863,158.99058650023213,2929.328832064563
17,60,148.78931626769318,223.90524083046344,160.3525035136971,2928.5950276117587
18,60,149.72249363346415,224.51674970709334,158.74755944218757,2928.706269664368
19,60,149.56390263024667,224.94973120944817,158.24154652181585,2928.8986165285446
0,65,156.61752772810408,219.14056981796867,154.83048890248747,2904.071603506796
1,65,156.92747301583094,219.24317663362612,155.66396872629505,2904.4589354047835
2,65,156.4500855528407,217.93490313503656,154.48974478094325,2904.138595743128
3,65,156.4402873656659,218.19828268005077,155.21293344915668,2904.548412102135
4,65,157.61670127173863,218.40353560093368,155.58016803267407,2902.5388705864884
5,65,157.0110289301783,217.80575985090826,154.71275740788337,2902.6578278281863
6,65,157.12164654361956,219.11290641780326,155.65304872952314,2902.4502622979235
7,65,156.4233137529042,218.4167971926885,155.12856528401204,2903.026685238621
8,65,156.6439500350748,217.8606072816732,155.63891214435293,2902.398935753296
9,65,157.3415580605302,218.4689055767112,155.11586120871402,2903.208387890667
10,65,157.54786460646463,218.6752785208622,154.69732726811017,2902.5659562394685
11,65,156.70424163550177,218.01518790175658,155.08913900214043,2902.3648119012814
12,65,157.19437704255319,217.80992484642513,154.3811497029166,2902.472625150445
13,65,156.95089494079383,218.90921871306045,154.84461764806466,2902.8623005746003
14,65,156.97914052833707,218.48631355042335,154.79611664308194,2901.6783796277955
15,65,157.046455932275,217.84613430945646,155.76555181349156,2901.406473635807
16,65,156.2701230839539,218.35097072504732,155.02747091719343,2902.2180681792083
17,65,157.26374210282248,219.37572489378553,155.87956083826558,2901.4963557903343
18,65,156.60256808115952,218.02865600828142,155.15018902338747,2901.1846289760842
19,65,156.1797631543195,218.3244405730907,154.97222622590618,2901.868694032856
0,70,163.52760655688934,212.2180259755123,151.24803478422467,2879.590202044163
1,70,164.02084171244027,213.13449938011505,151.23281255520305,2878.039053220372
2,70,164.00036332580103,212.59966596712567,151.39529691811344,2878.7454749321173
3,70,163.75509440996018,212.72815540133408,151.53340514039147,2878.429936979116
4,70,163.10380840917648,212.5223830292554,151.91715501609463,2879.356519831084
5,70,164.20740973985545,212.08767361076968,150.91869109696674,2877.8541654528226
6,70,163.46274742330982,212.1848422828084,151.6777288986113,2877.719338894626
7,70,163.44366691055586,213.20854208936902,151.25216764566233,2877.0902188307714
8,70,164.08437888662442,212.9913014605534,151.06000496305353,2877.3801577479226
9,70,163.71354465896778,211.76025859832413,152.09063595498498,2878.4719290956477
10,70,163.20458959422535,211.8639358758708,150.56697315835297,2877.860521105911
11,70,163.99009406515074,213.44716619729888,151.16884726575515,2877.658076595111
12,70,163.19801010662778,212.24576659519698,150.86051641393328,2876.502963407189
13,70,163.72495840711647,212.89428509449488,152.20396486115186,2877.220937654246
14,70,163.78142616440758,212.34258704207377,151.60353358282234,2876.1196624561717
15,70,163.07605287135985,211.90026313399727,151.99860546373847,2876.7370858707245
16,70,163.7374769093737,213.17277341306612,151.57262002280717,2876.50733771246
17,70,162.7281534632523,212.64868749324802,151.53468255266597,2877.21282540629
18,70,163.99650362359344,212.1827170190449,151.70752415421182,2876.7948731976758
19,70,163.00593718937532,212.66334977463873,151.1472127532055,2876.209972157793
0,75,169.772808516443,207.26268057326794,147.49248730634017,2855.3397345353737
1,75,170.4716948338748,208.1450816829705,148.47304997744595,2855.7119905323284
2,75,170.23071431572438,207.65401715100705,148.30605069382787,2855.2703815428954
3,75,170.3635873318616,207.4945238556042,147.84864255459158,2855.279971786152
4,75,169.73222474882724,208.56865420991528,146.84900454869242,2853.640510965806
5,75,169.6492951444905,207.76028043365025,147.3551289629005,2855.102255073354
6,75,170.2318856047857,207.39261658861122,147.18989011926377,2855.1971731128947
7,75,170.5064052550507,207.40914754956728,148.5451462362726,2853.8104320039643
8,75,169.79839190481397,207.2019230034864,148.67646478142194,2854.7491038070057
9,75,169.87444673422178,207.78491128744892,148.2406935855691,2853.617806202145
10,75,170.15227287106057,207.99661757904894,147.55551026946048,2853.930447740627
11,75,169.51998173940845,207.33548873839692,148.2462184386527,2853.107632263267
12,75,170.4718780678837,207.62542327333168,147.7535239004698,2853.2014615877342
13,75,170.35956411927853,208.02951224784124,148.16407148289267,2853.005325528444
14,75,170.13261380941324,208.60942474124383,147.45443410828048,2853.155155894409
15,75,170.83856667136095,207.17695988782936,146.703005036165,2852.957912489689
16,75,170.27617500109886,207.64984043620143,147.6233939643991,2852.8733030853386
17,75,170.49943297458287,207.504462015264,147.8909478991334,2852.622611675246
18,75,170.210964238058,207.75958410868654,147.7876590025867,2852.283831165816
19,75,169.97893763382032,207.00582746229617,148.13752616171507,2852.873674093575
0,80,176.08734716410333,202.5416531747349,144.69997232261395,2833.3546908527587
1,80,176.38258057869524,201.94247059187222,144.34029933734493,2833.290709111727
2,80,175.9972862205797,201.88045779815263,145.57290860573164,2833.3791721871667
3,80,176.00676948137857,202.95036868040918,144.3613243463781,2833.38572966904
4,80,175.76470406218917,202.20550633992002,143.7561622762068,2832.8764601381718
5,80,176.35152948297934,202.93123829688685,144.37987143454544,2831.628589022985
6,80,177.09696760871176,202.59061001481908,144.37754727503457,2832.4098920744136
7,80,176.07829993354864,202.399559094404,144.02191601347732,2832.7018505292394
8,80,176.62481231448837,203.13706217440964,144.20660107382207,2831.752380775607
9,80,176.24183767937237,201.9616873135867,145.26269868510965,2832.170472629732
10,80,176.1737602631882,202.77119353479887,144.05009020291777,2830.5161971730313
11,80,176.64535587560735,203.06195927644654,144.4695143247396,2830.9388819030205
12,80,176.4721564922679,202.3635790308561,144.1948338563697,2830.4164119548195
13,80,176.5562093171163,202.3520713999073,144.39127561566391,2830.8013534888178
14,80,175.01246900484176,201.28172799640737,144.88434480286145,2830.9277001705254
15,80,176.76202893849214,203.56008790674673,145.0723485467264,2830.363211419469
16,80,176.24663510558915,202.92299151643303,145.39163801811208,2830.942862330411
17,80,176.29632099524906,202.5516466507142,144.70873772442965,2830.8094075465597
18,80,176.15564865509998,202.86852170642032,144.79629715727575,2830.7030607277684
19,80,176.47267438113653,202.48642009301417,144.35113057360638,2830.383709428553
0,85,181.2808859965613,198.09541159702118,141.45849313244287,2812.9737375701766
1,85,182.25403236297743,198.71985388088365,141.44386870669678,2812.723916595961
2,85,181.5423318277628,198.21464703741358,141.15731280504966,2812.540870010262
3,85,181.77568455376073,198.16155890702785,141.25283605171322,2812.358835201597
4,85,181.7463053247592,197.93908797097288,141.02462294445655,2811.085669427006
5,85,181.21238461538883,198.294745114186,141.15567810787525,2811.0686560409845
6,85,182.2796185180629,197.47441980301497,141.18129378612457,2810.9667730097785
7,85,182.61308127068125,198.00947885378602,141.77727631116062,2810.709438937608
8,85,182.339427227779,197.49062247850244,141.6252788776084,2810.97521884686
9,85,181.77728575589268,198.4075040547464,141.6600262093917,2810.8982343639445
10,85,181.67722427964526,198.41548031293192,141.7107787177776,2810.8432947267133
11,85,182.2571636732151,197.67875388981673,141.09749142261384,2810.619992280715
12,85,181.67641725894688,198.54272141127487,141.58327989876474,2810.390620322017
13,85,181.57863960326299,196.65459575732672,141.5291295490629,2809.4408634309348
14,85,181.27963359549454,197.4220438921192,141.44787940654555,2810.7684441735237
15,85,180.32963081798093,197.82147105352595,142.68557962882286,2809.0928758339523
16,85,182.33625538115385,197.02581469480762,141.53490311958745,2809.178412545626
17,85,182.0169849394399,198.24042505716952,142.64501553252427,2809.335399539656
18,85,181.5323579225969,198.12711956770963,141.56571586068276,2809.4930630321214
19,85,181.3463007902675,197.86645085882867,141.65585490584215,2808.741804640033
0,90,187.27112099272077,194.0406595792768,138.74864305513714,2790.974176384025
1,90,186.4812692575306,192.9809050858388,138.46176370948078,2792.1882489599325
2,90,187.71666572507266,194.07674573321438,138.74713582056225,2791.866426384914
3,90,187.7995998983388,193.81358324081648,139.4348496012089,2791.514778137902
4,90,187.42462085941074,192.77632313344026,138.5066244719198,2791.210008926856
5,90,187.82317679619902,193.0747034005208,138.75895020503125,2791.5416628704324
6,90,187.635111814861,193.43325402389476,138.04930646398807,2791.3080733404254
7,90,187.75924802907525,193.72685626893713,138.03577029056567,2792.311052664622
8,90,187.3890933252588,192.66744362547527,139.15564307746953,2790.142283221232
9,90,187.4774671434452,193.12470437571054,139.7912427185336,2791.3778560326105
10,90,187.6080754329448,193.5544647574496,138.52903027137825,2790.9998704008285
11,90,186.95999866481017,194.24049495288077,138.98123608054485,2790.7587582948904
12,90,186.9957949060364,192.7648195284995,138.73092701319075,2790.538190984541
13,90,188.774953474908,193.4715998712332,138.34932605003877,2790.223077970446
14,90,188.1782490076648,193.25860325429016,139.12681381599361,2790.2486047041657
15,90,186.81317709396924,192.96150691922136,139.42235454974042,2789.54287944784
16,90,188.45522944795044,192.2025166837739,138.9932393755173,2789.8210478638825
17,90,186.94415071359623,194.4388102796463,139.27190176657047,2790.7242920315794
18,90,187.1713630214011,194.2389777255878,139.0839266507993,2789.2977040263017
19,90,187.38819646303656,193.10230380897568,138.4993562845222,2788.593276564059
0,95,192.20273297991577,189.47180789762513,136.17636448726998,2772.907388408356
1,95,192.23919608756256,189.53344377427516,136.26492949860918,2773.5712955857384
2,95,192.22256145110572,189.69819250755242,135.697449330682,2773.320154190089
3,95,192.83638363961498,189.76076169597647,135.35372636914855,2772.975266768218
4,95,192.7756295035552,189.44299171842817,136.23075175279493,2772.8367778017687
5,95,192.0307883440398,189.49686496291773,135.03339915688593,2772.3417450249094
6,95,192.57314099104258,189.7098598208635,136.09753322386953,2773.1454835839368
7,95,192.8061116115819,190.11912501557896,135.64524351714732,2771.796387250351
8,95,191.8495893249076,189.6983872284209,135.4084190742153,2772.7608902277457
9,95,192.29935012101672,188.97525376661224,136.15314142467386,2772.3306619678197
10,95,191.54764930553276,189.38868051243279,136.70083364483395,2771.49716276963
11,95,192.47671552665273,189.7222513328594,135.84514499885958,2771.949028191105
12,95,192.40800630656605,189.3208385226972,135.78184046396984,2771.0712569148645
13,95,191.16242099594473,188.79126243647838,135.2497452962762,2770.9747813132385
14,95,192.13366584570988,189.81010179839745,135.87987188079347,2771.0312951539204
15,95,192.28062717826384,190.32422291923848,135.90945764653145,2771.173468958012
16,95,192.47864821558514,189.67077166446208,136.53726250038903,2771.926371243801
17,95,192.017212749613,189.48184069504399,135.53840602958576,2771.00802337534
18,95,192.15779334453973,190.26514810385703,135.5996746393523,2771.5853842578417
19,95,192.75095476209484,189.43500160846023,135.9069223851876,2769.4430559309785
0,100,197.284078876632,185.64049880061313,133.36801626219307,2756.100875700066
1,100,196.87082066912924,185.6024901866285,132.83458518718885,2755.1041631611893
2,100,197.67264707727372,185.59618562951502,133.2996385873066,2756.274430103361
3,100,198.29061802775448,185.4435878916981,133.1548480614687,2755.5808435781746
4,100,196.74979060349352,186.35978300809282,133.49155248420763,2755.014432007554
5,100,196.95333014201773,185.085382707341,133.5949307291724,2754.556687371346
6,100,196.99256802671295,185.0178753377184,133.7307923745923,2755.4019616319606
7,100,197.26477283079348,184.94970240933114,132.64963564477927,2754.1349211844818
8,100,197.27442367443385,184.6603447687813,132.81770997794786,2755.527263060904
9,100,197.33329183716813,185.37147959205572,133.1185854141762,2754.530202578462
10,100,197.65862372461436,186.20088532507805,133.2718754992527,2754.0745299104738
11,100,197.0547556064042,185.2840593346473,133.54194096543165,2754.2075662808534
12,100,197.28713557133065,185.8990837828191,133.06722462214253,2752.7797896677703
13,100,196.4089221417106,184.94993414897053,134.23396906683666,2753.736344921382
14,100,198.76951306388654,185.0303552768078,133.47746490176758,2753.6448654447436
15,100,197.6975557991197,185.3696731847468,133.14531225768502,2752.5237755036887
16,100,198.1172861216165,186.6406061563553,132.67186681722166,2752.441084236169
17,100,197.7127885541308,185.69029420026666,133.81302054305763,2752.1003335353503
18,100,196.52771884283945,184.5823829412316,134.05784907481151,2752.365600021947
19,100,197.40266658407762,186.52589467740754,134.02632777726515,2753.138429268398
